<?xml version="1.0" encoding="UTF-8"?>
  <SupportAssistPrebootDiagnosticLog>
    <Schema>1.0.0</Schema>
    <LogNumber>100</LogNumber>
    <LogTimeStamp>09/17/2019 15:33:54</LogTimeStamp>
    <ePSA_Data>
      <Result>Pass</Result>
      <ReturnCode>BOOT_HOST_OS</ReturnCode>
      <DevicesTested>Memory, Hard Drive</DevicesTested>
      <LogData>
        <ePSALogTimeStamp>09/17/2019 15:33:44</ePSALogTimeStamp>
        <ePSAVersion>4306.15</ePSAVersion>
        <ErrorCode>2000:0000</ErrorCode>
        <ValidationCode>112618</ValidationCode>
        <ErrorMessage><![CDATA[ePSA quick test pass]]></ErrorMessage>
      </LogData>
      <MemRxHealed>FALSE</MemRxHealed>
      <ePSAInfo><![CDATA[serviceTag=BRT7SQ2&errCode=0000&ValCode=112618&uID=0A9A1]]></ePSAInfo>
      <ePSAFullVersion>4306.15</ePSAFullVersion>
      <ePSAInvocationCount>14</ePSAInvocationCount>
    </ePSA_Data>
    <BIOS_Data>
      <ErrorCategory>OS_BOOT_FAILURE</ErrorCategory>
      <SOS_Available>FALSE</SOS_Available>
      <TimeOutSeconds>0</TimeOutSeconds>
      <OSBootFailCount>2</OSBootFailCount>
    </BIOS_Data>
  </SupportAssistPrebootDiagnosticLog>
